{"rodada_id": 14, "page": {"atual": "20", "total": "41"}, "atleta": [{"status": "Nulo", "foto": "http://s.glbimg.com/es/sde/f/2015/01/15/b37458155dfb82675403193346471712_FORMATO.jpeg", "clube": {"mercado": 1, "slug": "internacional", "abreviacao": "int", "id": 285, "nome": "internacional"}, "status_id": 6, "jogos": 0, "scout": [], "preco": "5.00", "partida_data": "18/07/2015", "variacao": "0.00", "id": 36443, "media": "0.00", "pontos": "0.00", "apelido": "Dida", "posicao": {"abreviacao": "GOL", "id": 1, "nome": "Goleiro"}, "partida_clube_visitante": {"mercado": 1, "slug": "goias", "abreviacao": "goi", "id": 290, "nome": "goi\u00e1s"}, "partida_clube_casa": {"mercado": 1, "slug": "internacional", "abreviacao": "int", "id": 285, "nome": "internacional"}}, {"status": "Nulo", "foto": "http://s.glbimg.com/es/sde/f/2015/03/02/4060284de3cf414966cbca0380f44e7b_FORMATO.png", "clube": {"mercado": 1, "slug": "atletico-pr", "abreviacao": "atl", "id": 293, "nome": "atl\u00e9tico-pr"}, "status_id": 6, "jogos": 0, "scout": [], "preco": "5.00", "partida_data": "19/07/2015", "variacao": "0.00", "id": 79710, "media": "0.00", "pontos": "0.00", "apelido": "Ca\u00edque", "posicao": {"abreviacao": "ATA", "id": 5, "nome": "Atacante"}, "partida_clube_visitante": {"mercado": 1, "slug": "chapecoense", "abreviacao": "cha", "id": 315, "nome": "chapecoense"}, "partida_clube_casa": {"mercado": 1, "slug": "atletico-pr", "abreviacao": "atl", "id": 293, "nome": "atl\u00e9tico-pr"}}, {"status": "Contundido", "foto": "http://s.glbimg.com/es/sde/f/2012/06/05/f3442a1b2031caea8e3f26fd527dd17c_FORMATO.jpeg", "clube": {"mercado": 1, "slug": "coritiba", "abreviacao": "cor", "id": 294, "nome": "coritiba"}, "status_id": 5, "jogos": 0, "scout": [], "preco": "5.00", "partida_data": "19/07/2015", "variacao": "0.00", "id": 80441, "media": "0.00", "pontos": "0.00", "apelido": "Bonfim ", "posicao": {"abreviacao": "ZAG", "id": 3, "nome": "Zagueiro"}, "partida_clube_visitante": {"mercado": 1, "slug": "coritiba", "abreviacao": "cor", "id": 294, "nome": "coritiba"}, "partida_clube_casa": {"mercado": 1, "slug": "figueirense", "abreviacao": "fig", "id": 316, "nome": "figueirense"}}, {"status": "Contundido", "foto": "http://s.glbimg.com/es/sde/f/2013/01/25/56f668a8a4c0478b93827d0c31964568_FORMATO.jpeg", "clube": {"mercado": 1, "slug": "gremio", "abreviacao": "gre", "id": 284, "nome": "gr\u00eamio"}, "status_id": 5, "jogos": 0, "scout": [], "preco": "5.00", "partida_data": "18/07/2015", "variacao": "0.00", "id": 82703, "media": "0.00", "pontos": "0.00", "apelido": "Matheus Biteco", "posicao": {"abreviacao": "MEI", "id": 4, "nome": "Meia"}, "partida_clube_visitante": {"mercado": 1, "slug": "gremio", "abreviacao": "gre", "id": 284, "nome": "gr\u00eamio"}, "partida_clube_casa": {"mercado": 1, "slug": "flamengo", "abreviacao": "fla", "id": 262, "nome": "flamengo"}}, {"status": "Nulo", "foto": "http://s.glbimg.com/es/sde/f/2012/09/27/7183f11f1cf93d38b08b350ee4e375d9_FORMATO.png", "clube": {"mercado": 1, "slug": "coritiba", "abreviacao": "cor", "id": 294, "nome": "coritiba"}, "status_id": 6, "jogos": 0, "scout": [], "preco": "5.00", "partida_data": "19/07/2015", "variacao": "0.00", "id": 79535, "media": "0.00", "pontos": "0.00", "apelido": "Van\u00e1", "posicao": {"abreviacao": "GOL", "id": 1, "nome": "Goleiro"}, "partida_clube_visitante": {"mercado": 1, "slug": "coritiba", "abreviacao": "cor", "id": 294, "nome": "coritiba"}, "partida_clube_casa": {"mercado": 1, "slug": "figueirense", "abreviacao": "fig", "id": 316, "nome": "figueirense"}}, {"status": "D\u00favida", "foto": "http://s.glbimg.com/es/sde/f/2013/04/24/fffeadb7d15c2644aa11a2524d2c059b_FORMATO.jpeg", "clube": {"mercado": 1, "slug": "ponte-preta", "abreviacao": "pon", "id": 303, "nome": "ponte preta"}, "status_id": 2, "jogos": 0, "scout": [], "preco": "5.00", "partida_data": "19/07/2015", "variacao": "0.00", "id": 71719, "media": "0.00", "pontos": "0.00", "apelido": "Elton", "posicao": {"abreviacao": "MEI", "id": 4, "nome": "Meia"}, "partida_clube_visitante": {"mercado": 1, "slug": "ponte-preta", "abreviacao": "pon", "id": 303, "nome": "ponte preta"}, "partida_clube_casa": {"mercado": 1, "slug": "joinville", "abreviacao": "jec", "id": 317, "nome": "joinville"}}, {"status": "Contundido", "foto": "http://s.glbimg.com/es/sde/f/2010/11/16/534d43222ec24932060e52c3b0086eda_FORMATO.jpeg", "clube": {"mercado": 1, "slug": "sao-paulo", "abreviacao": "sao", "id": 276, "nome": "s\u00e3o paulo"}, "status_id": 5, "jogos": 0, "scout": [], "preco": "5.00", "partida_data": "19/07/2015", "variacao": "0.00", "id": 51175, "media": "0.00", "pontos": "0.00", "apelido": "Denis", "posicao": {"abreviacao": "GOL", "id": 1, "nome": "Goleiro"}, "partida_clube_visitante": {"mercado": 1, "slug": "sao-paulo", "abreviacao": "sao", "id": 276, "nome": "s\u00e3o paulo"}, "partida_clube_casa": {"mercado": 1, "slug": "sport", "abreviacao": "spo", "id": 292, "nome": "sport"}}, {"status": "Nulo", "foto": "http://s.glbimg.com/es/sde/f/2015/01/11/ec2256fa0d471e1683932dbd77e1e5fc_FORMATO.jpeg", "clube": {"mercado": 1, "slug": "joinville", "abreviacao": "jec", "id": 317, "nome": "joinville"}, "status_id": 6, "jogos": 0, "scout": [], "preco": "5.00", "partida_data": "19/07/2015", "variacao": "0.00", "id": 78648, "media": "0.00", "pontos": "0.00", "apelido": "Dr\u00e1usio", "posicao": {"abreviacao": "ZAG", "id": 3, "nome": "Zagueiro"}, "partida_clube_visitante": {"mercado": 1, "slug": "ponte-preta", "abreviacao": "pon", "id": 303, "nome": "ponte preta"}, "partida_clube_casa": {"mercado": 1, "slug": "joinville", "abreviacao": "jec", "id": 317, "nome": "joinville"}}, {"status": "Nulo", "foto": "http://s.glbimg.com/es/sde/f/2012/02/24/089cab194aefc60321bdfd2d79ac27df_FORMATO.jpeg", "clube": {"mercado": 1, "slug": "joinville", "abreviacao": "jec", "id": 317, "nome": "joinville"}, "status_id": 6, "jogos": 0, "scout": [], "preco": "5.00", "partida_data": "19/07/2015", "variacao": "0.00", "id": 79228, "media": "0.00", "pontos": "0.00", "apelido": "Bruno Furlan", "posicao": {"abreviacao": "ATA", "id": 5, "nome": "Atacante"}, "partida_clube_visitante": {"mercado": 1, "slug": "ponte-preta", "abreviacao": "pon", "id": 303, "nome": "ponte preta"}, "partida_clube_casa": {"mercado": 1, "slug": "joinville", "abreviacao": "jec", "id": 317, "nome": "joinville"}}, {"status": "Nulo", "foto": "http://s.glbimg.com/es/sde/f/2014/07/23/47da858717c539b28f7ebc62fdeb4f99_FORMATO.jpeg", "clube": {"mercado": 1, "slug": "sport", "abreviacao": "spo", "id": 292, "nome": "sport"}, "status_id": 6, "jogos": 0, "scout": [], "preco": "5.00", "partida_data": "19/07/2015", "variacao": "0.00", "id": 71593, "media": "0.00", "pontos": "0.00", "apelido": "Henrique Mattos", "posicao": {"abreviacao": "ZAG", "id": 3, "nome": "Zagueiro"}, "partida_clube_visitante": {"mercado": 1, "slug": "sao-paulo", "abreviacao": "sao", "id": 276, "nome": "s\u00e3o paulo"}, "partida_clube_casa": {"mercado": 1, "slug": "sport", "abreviacao": "spo", "id": 292, "nome": "sport"}}, {"status": "Nulo", "foto": "http://s.glbimg.com/es/sde/f/2014/08/29/761228613d42f2d82cf223c82ad47e04_FORMATO.jpeg", "clube": {"mercado": 1, "slug": "palmeiras", "abreviacao": "pal", "id": 275, "nome": "palmeiras"}, "status_id": 6, "jogos": 0, "scout": [], "preco": "5.00", "partida_data": "19/07/2015", "variacao": "0.00", "id": 89156, "media": "0.00", "pontos": "0.00", "apelido": "Nathan", "posicao": {"abreviacao": "ZAG", "id": 3, "nome": "Zagueiro"}, "partida_clube_visitante": {"mercado": 1, "slug": "santos", "abreviacao": "san", "id": 277, "nome": "santos"}, "partida_clube_casa": {"mercado": 1, "slug": "palmeiras", "abreviacao": "pal", "id": 275, "nome": "palmeiras"}}, {"status": "Contundido", "foto": "http://s.glbimg.com/es/sde/f/2014/01/08/ac5bd26316295a43e3abb257dea5a521_FORMATO.jpeg", "clube": {"mercado": 1, "slug": "sport", "abreviacao": "spo", "id": 292, "nome": "sport"}, "status_id": 5, "jogos": 0, "scout": [], "preco": "5.00", "partida_data": "19/07/2015", "variacao": "0.00", "id": 84861, "media": "0.00", "pontos": "0.00", "apelido": "Alex Silva", "posicao": {"abreviacao": "LAT", "id": 2, "nome": "Lateral"}, "partida_clube_visitante": {"mercado": 1, "slug": "sao-paulo", "abreviacao": "sao", "id": 276, "nome": "s\u00e3o paulo"}, "partida_clube_casa": {"mercado": 1, "slug": "sport", "abreviacao": "spo", "id": 292, "nome": "sport"}}, {"status": "Nulo", "foto": "http://s.glbimg.com/es/sde/f/2015/05/19/6080cfeb228e0c908e815351d6f7a2fa_FORMATO.png", "clube": {"mercado": 1, "slug": "atletico-pr", "abreviacao": "atl", "id": 293, "nome": "atl\u00e9tico-pr"}, "status_id": 6, "jogos": 0, "scout": [], "preco": "5.00", "partida_data": "19/07/2015", "variacao": "0.00", "id": 79646, "media": "0.00", "pontos": "0.00", "apelido": "Bruno Pereirinha", "posicao": {"abreviacao": "LAT", "id": 2, "nome": "Lateral"}, "partida_clube_visitante": {"mercado": 1, "slug": "chapecoense", "abreviacao": "cha", "id": 315, "nome": "chapecoense"}, "partida_clube_casa": {"mercado": 1, "slug": "atletico-pr", "abreviacao": "atl", "id": 293, "nome": "atl\u00e9tico-pr"}}, {"status": "Contundido", "foto": "http://s.glbimg.com/es/sde/f/2015/01/15/2f62c4a561f3ef0a0c30e23818096958_FORMATO.jpeg", "clube": {"mercado": 1, "slug": "vasco", "abreviacao": "vas", "id": 267, "nome": "vasco"}, "status_id": 5, "jogos": 0, "scout": [], "preco": "5.00", "partida_data": "19/07/2015", "variacao": "0.00", "id": 84893, "media": "0.00", "pontos": "0.00", "apelido": "Henrique ", "posicao": {"abreviacao": "LAT", "id": 2, "nome": "Lateral"}, "partida_clube_visitante": {"mercado": 1, "slug": "vasco", "abreviacao": "vas", "id": 267, "nome": "vasco"}, "partida_clube_casa": {"mercado": 1, "slug": "fluminense", "abreviacao": "flu", "id": 266, "nome": "fluminense"}}, {"status": "Nulo", "foto": "http://s.glbimg.com/es/sde/f/2015/01/15/22db2fb1416970dab9b8cb5f5bf964a1_FORMATO.png", "clube": {"mercado": 1, "slug": "cruzeiro", "abreviacao": "cru", "id": 283, "nome": "cruzeiro"}, "status_id": 6, "jogos": 9, "scout": [{"quantidade": 2, "nome": "SG"}, {"quantidade": 3, "nome": "FS"}, {"quantidade": 13, "nome": "PE"}, {"quantidade": 4, "nome": "RB"}, {"quantidade": 10, "nome": "FC"}, {"quantidade": 4, "nome": "CA"}, {"quantidade": 2, "nome": "FF"}, {"quantidade": 1, "nome": "FD"}], "preco": "4.99", "partida_data": "19/07/2015", "variacao": "0.00", "id": 51705, "media": "0.42", "pontos": "0.00", "apelido": "Bruno Rodrigo", "posicao": {"abreviacao": "ZAG", "id": 3, "nome": "Zagueiro"}, "partida_clube_visitante": {"mercado": 1, "slug": "avai", "abreviacao": "ava", "id": 314, "nome": "ava\u00ed"}, "partida_clube_casa": {"mercado": 1, "slug": "cruzeiro", "abreviacao": "cru", "id": 283, "nome": "cruzeiro"}}, {"status": "Contundido", "foto": "http://s.glbimg.com/es/sde/f/2015/01/15/07c6520fef46f74830d7276a88af34de_FORMATO.jpeg", "clube": {"mercado": 1, "slug": "fluminense", "abreviacao": "flu", "id": 266, "nome": "fluminense"}, "status_id": 5, "jogos": 1, "scout": [{"quantidade": 1, "nome": "FS"}, {"quantidade": 3, "nome": "PE"}, {"quantidade": 1, "nome": "FF"}, {"quantidade": 1, "nome": "FD"}], "preco": "4.98", "partida_data": "19/07/2015", "variacao": "0.00", "id": 85121, "media": "1.30", "pontos": "0.00", "apelido": "Robert ", "posicao": {"abreviacao": "MEI", "id": 4, "nome": "Meia"}, "partida_clube_visitante": {"mercado": 1, "slug": "vasco", "abreviacao": "vas", "id": 267, "nome": "vasco"}, "partida_clube_casa": {"mercado": 1, "slug": "fluminense", "abreviacao": "flu", "id": 266, "nome": "fluminense"}}, {"status": "Nulo", "foto": "http://s.glbimg.com/es/sde/f/2010/12/29/e3595dc954978e267a55310d25a00546_FORMATO.jpeg", "clube": {"mercado": 1, "slug": "figueirense", "abreviacao": "fig", "id": 316, "nome": "figueirense"}, "status_id": 6, "jogos": 4, "scout": [{"quantidade": 1, "nome": "FS"}, {"quantidade": 5, "nome": "PE"}, {"quantidade": 3, "nome": "RB"}, {"quantidade": 5, "nome": "FC"}, {"quantidade": 1, "nome": "FF"}], "preco": "4.96", "partida_data": "19/07/2015", "variacao": "0.00", "id": 69048, "media": "0.58", "pontos": "0.00", "apelido": "Mazola", "posicao": {"abreviacao": "ATA", "id": 5, "nome": "Atacante"}, "partida_clube_visitante": {"mercado": 1, "slug": "coritiba", "abreviacao": "cor", "id": 294, "nome": "coritiba"}, "partida_clube_casa": {"mercado": 1, "slug": "figueirense", "abreviacao": "fig", "id": 316, "nome": "figueirense"}}, {"status": "Prov\u00e1vel", "foto": "http://s.glbimg.com/es/sde/f/2012/01/11/63510179beccf5801c579246e16f3752_FORMATO.jpeg", "clube": {"mercado": 1, "slug": "goias", "abreviacao": "goi", "id": 290, "nome": "goi\u00e1s"}, "status_id": 7, "jogos": 8, "scout": [{"quantidade": 2, "nome": "SG"}, {"quantidade": 10, "nome": "FS"}, {"quantidade": 20, "nome": "PE"}, {"quantidade": 1, "nome": "I"}, {"quantidade": 11, "nome": "RB"}, {"quantidade": 8, "nome": "FC"}, {"quantidade": 1, "nome": "CA"}, {"quantidade": 1, "nome": "CV"}, {"quantidade": 2, "nome": "FF"}], "preco": "4.95", "partida_data": "18/07/2015", "variacao": "-0.40", "id": 70916, "media": "2.20", "pontos": "-0.40", "apelido": "Diogo Barbosa", "posicao": {"abreviacao": "LAT", "id": 2, "nome": "Lateral"}, "partida_clube_visitante": {"mercado": 1, "slug": "goias", "abreviacao": "goi", "id": 290, "nome": "goi\u00e1s"}, "partida_clube_casa": {"mercado": 1, "slug": "internacional", "abreviacao": "int", "id": 285, "nome": "internacional"}}, {"status": "Nulo", "foto": "http://s.glbimg.com/es/sde/f/2010/12/07/37de3deb61f06cdaeb888741fa33c0ac_FORMATO.jpeg", "clube": {"mercado": 1, "slug": "joinville", "abreviacao": "jec", "id": 317, "nome": "joinville"}, "status_id": 6, "jogos": 3, "scout": [{"quantidade": 1, "nome": "PE"}, {"quantidade": 2, "nome": "I"}, {"quantidade": 1, "nome": "FC"}, {"quantidade": 2, "nome": "FD"}], "preco": "4.94", "partida_data": "19/07/2015", "variacao": "0.00", "id": 60859, "media": "0.07", "pontos": "0.00", "apelido": "Jael", "posicao": {"abreviacao": "ATA", "id": 5, "nome": "Atacante"}, "partida_clube_visitante": {"mercado": 1, "slug": "ponte-preta", "abreviacao": "pon", "id": 303, "nome": "ponte preta"}, "partida_clube_casa": {"mercado": 1, "slug": "joinville", "abreviacao": "jec", "id": 317, "nome": "joinville"}}, {"status": "Contundido", "foto": "http://s.glbimg.com/es/sde/f/2013/01/07/aa1e3adba1729df3870621dd35d29154_FORMATO.jpeg", "clube": {"mercado": 1, "slug": "coritiba", "abreviacao": "cor", "id": 294, "nome": "coritiba"}, "status_id": 5, "jogos": 3, "scout": [{"quantidade": 2, "nome": "FS"}, {"quantidade": 8, "nome": "PE"}, {"quantidade": 6, "nome": "RB"}, {"quantidade": 7, "nome": "FC"}, {"quantidade": 2, "nome": "CA"}, {"quantidade": 1, "nome": "FF"}], "preco": "4.93", "partida_data": "19/07/2015", "variacao": "0.00", "id": 37654, "media": "0.67", "pontos": "0.00", "apelido": "Rosinei", "posicao": {"abreviacao": "MEI", "id": 4, "nome": "Meia"}, "partida_clube_visitante": {"mercado": 1, "slug": "coritiba", "abreviacao": "cor", "id": 294, "nome": "coritiba"}, "partida_clube_casa": {"mercado": 1, "slug": "figueirense", "abreviacao": "fig", "id": 316, "nome": "figueirense"}}]}