{"rodada_id": 17, "page": {"atual": "15", "total": "42"}, "atleta": [{"status": "Nulo", "foto": "http://s.glbimg.com/es/sde/f/2015/07/21/2224d3f5e9aeae4c35303c48e840be69_FORMATO.jpeg", "clube": {"mercado": 1, "slug": "figueirense", "abreviacao": "fig", "id": 316, "nome": "figueirense"}, "status_id": 6, "jogos": 9, "scout": [{"quantidade": 12, "nome": "FS"}, {"quantidade": 21, "nome": "PE"}, {"quantidade": 1, "nome": "A"}, {"quantidade": 1, "nome": "I"}, {"quantidade": 14, "nome": "RB"}, {"quantidade": 9, "nome": "FC"}, {"quantidade": 2, "nome": "CA"}, {"quantidade": 2, "nome": "FF"}, {"quantidade": 3, "nome": "FD"}], "preco": "6.76", "partida_data": "09/08/2015", "variacao": "1.18", "id": 51476, "media": "2.65", "pontos": "9.30", "apelido": "Rafael Bastos", "posicao": {"abreviacao": "MEI", "id": 4, "nome": "Meia"}, "partida_clube_visitante": {"mercado": 1, "slug": "figueirense", "abreviacao": "fig", "id": 316, "nome": "figueirense"}, "partida_clube_casa": {"mercado": 1, "slug": "chapecoense", "abreviacao": "cha", "id": 315, "nome": "chapecoense"}}, {"status": "Prov\u00e1vel", "foto": "http://s.glbimg.com/es/sde/f/2014/09/17/29c7a5605a63840574dfa5f18066b198_FORMATO.jpeg", "clube": {"mercado": 1, "slug": "internacional", "abreviacao": "int", "id": 285, "nome": "internacional"}, "status_id": 7, "jogos": 8, "scout": [{"quantidade": 5, "nome": "SG"}, {"quantidade": 11, "nome": "FS"}, {"quantidade": 30, "nome": "PE"}, {"quantidade": 21, "nome": "RB"}, {"quantidade": 6, "nome": "FC"}, {"quantidade": 2, "nome": "CA"}, {"quantidade": 1, "nome": "FD"}], "preco": "6.73", "partida_data": "09/08/2015", "variacao": "-0.31", "id": 89275, "media": "6.40", "pontos": "5.30", "apelido": "William", "posicao": {"abreviacao": "LAT", "id": 2, "nome": "Lateral"}, "partida_clube_visitante": {"mercado": 1, "slug": "internacional", "abreviacao": "int", "id": 285, "nome": "internacional"}, "partida_clube_casa": {"mercado": 1, "slug": "gremio", "abreviacao": "gre", "id": 284, "nome": "gr\u00eamio"}}, {"status": "Prov\u00e1vel", "foto": "http://s.glbimg.com/es/sde/f/2014/06/08/7b5042c7703b92ad83a2d7c8207a5e86_FORMATO.jpeg", "clube": {"mercado": 1, "slug": "cruzeiro", "abreviacao": "cru", "id": 283, "nome": "cruzeiro"}, "status_id": 7, "jogos": 1, "scout": [{"quantidade": 1, "nome": "SG"}, {"quantidade": 3, "nome": "PE"}, {"quantidade": 2, "nome": "I"}, {"quantidade": 4, "nome": "RB"}, {"quantidade": 2, "nome": "FC"}], "preco": "6.72", "partida_data": "09/08/2015", "variacao": "0.72", "id": 77967, "media": "8.90", "pontos": "8.90", "apelido": "Mena", "posicao": {"abreviacao": "LAT", "id": 2, "nome": "Lateral"}, "partida_clube_visitante": {"mercado": 1, "slug": "palmeiras", "abreviacao": "pal", "id": 275, "nome": "palmeiras"}, "partida_clube_casa": {"mercado": 1, "slug": "cruzeiro", "abreviacao": "cru", "id": 283, "nome": "cruzeiro"}}, {"status": "Nulo", "foto": "http://s.glbimg.com/es/sde/f/2015/03/04/e54c2753cddad6be3772328beda1d965_FORMATO.png", "clube": {"mercado": 1, "slug": "joinville", "abreviacao": "jec", "id": 317, "nome": "joinville"}, "status_id": 6, "jogos": 7, "scout": [{"quantidade": 3, "nome": "SG"}, {"quantidade": 11, "nome": "FS"}, {"quantidade": 29, "nome": "PE"}, {"quantidade": 13, "nome": "RB"}, {"quantidade": 15, "nome": "FC"}, {"quantidade": 3, "nome": "CA"}, {"quantidade": 3, "nome": "FF"}, {"quantidade": 2, "nome": "FD"}], "preco": "6.72", "partida_data": "09/08/2015", "variacao": "0.00", "id": 87399, "media": "3.50", "pontos": "0.00", "apelido": "M\u00e1rio S\u00e9rgio", "posicao": {"abreviacao": "LAT", "id": 2, "nome": "Lateral"}, "partida_clube_visitante": {"mercado": 1, "slug": "joinville", "abreviacao": "jec", "id": 317, "nome": "joinville"}, "partida_clube_casa": {"mercado": 1, "slug": "vasco", "abreviacao": "vas", "id": 267, "nome": "vasco"}}, {"status": "D\u00favida", "foto": "http://s.glbimg.com/es/sde/f/2011/08/11/a8a17e81e417365dc8c50c6b57a430c9_FORMATO.jpeg", "clube": {"mercado": 1, "slug": "figueirense", "abreviacao": "fig", "id": 316, "nome": "figueirense"}, "status_id": 2, "jogos": 12, "scout": [{"quantidade": 2, "nome": "SG"}, {"quantidade": 9, "nome": "FS"}, {"quantidade": 47, "nome": "PE"}, {"quantidade": 32, "nome": "RB"}, {"quantidade": 21, "nome": "FC"}, {"quantidade": 5, "nome": "CA"}, {"quantidade": 3, "nome": "FF"}], "preco": "6.71", "partida_data": "09/08/2015", "variacao": "0.00", "id": 77529, "media": "3.03", "pontos": "0.00", "apelido": "Leandro Silva", "posicao": {"abreviacao": "LAT", "id": 2, "nome": "Lateral"}, "partida_clube_visitante": {"mercado": 1, "slug": "figueirense", "abreviacao": "fig", "id": 316, "nome": "figueirense"}, "partida_clube_casa": {"mercado": 1, "slug": "chapecoense", "abreviacao": "cha", "id": 315, "nome": "chapecoense"}}, {"status": "Nulo", "foto": "http://s.glbimg.com/es/sde/f/2013/04/12/ac43527cf2ea70ce5bfd12a16c689912_FORMATO.jpeg", "clube": {"mercado": 1, "slug": "corinthians", "abreviacao": "cor", "id": 264, "nome": "corinthians"}, "status_id": 6, "jogos": 12, "scout": [{"quantidade": 8, "nome": "FS"}, {"quantidade": 13, "nome": "PE"}, {"quantidade": 1, "nome": "I"}, {"quantidade": 2, "nome": "RB"}, {"quantidade": 3, "nome": "FC"}, {"quantidade": 1, "nome": "CA"}, {"quantidade": 4, "nome": "FF"}, {"quantidade": 1, "nome": "FD"}], "preco": "6.71", "partida_data": "09/08/2015", "variacao": "0.00", "id": 38067, "media": "0.28", "pontos": "0.00", "apelido": "Danilo", "posicao": {"abreviacao": "MEI", "id": 4, "nome": "Meia"}, "partida_clube_visitante": {"mercado": 1, "slug": "corinthians", "abreviacao": "cor", "id": 264, "nome": "corinthians"}, "partida_clube_casa": {"mercado": 1, "slug": "sao-paulo", "abreviacao": "sao", "id": 276, "nome": "s\u00e3o paulo"}}, {"status": "Nulo", "foto": "http://s.glbimg.com/es/sde/f/2015/04/10/64bed6d1e79f2b7b70ae3818f3a6020d_FORMATO.jpeg", "clube": {"mercado": 1, "slug": "goias", "abreviacao": "goi", "id": 290, "nome": "goi\u00e1s"}, "status_id": 6, "jogos": 6, "scout": [{"quantidade": 3, "nome": "SG"}, {"quantidade": 3, "nome": "FS"}, {"quantidade": 19, "nome": "PE"}, {"quantidade": 2, "nome": "I"}, {"quantidade": 3, "nome": "RB"}, {"quantidade": 5, "nome": "FC"}], "preco": "6.69", "partida_data": "09/08/2015", "variacao": "0.00", "id": 90916, "media": "2.07", "pontos": "0.00", "apelido": "Everton", "posicao": {"abreviacao": "LAT", "id": 2, "nome": "Lateral"}, "partida_clube_visitante": {"mercado": 1, "slug": "atletico-mg", "abreviacao": "atl", "id": 282, "nome": "atl\u00e9tico-mg"}, "partida_clube_casa": {"mercado": 1, "slug": "goias", "abreviacao": "goi", "id": 290, "nome": "goi\u00e1s"}}, {"status": "Nulo", "foto": "http://s.glbimg.com/es/sde/f/2015/01/08/3e4a84750ef691cfcfd2037918caa952_FORMATO.jpeg", "clube": {"mercado": 1, "slug": "vasco", "abreviacao": "vas", "id": 267, "nome": "vasco"}, "status_id": 6, "jogos": 7, "scout": [{"quantidade": 1, "nome": "FS"}, {"quantidade": 10, "nome": "PE"}, {"quantidade": 1, "nome": "G"}, {"quantidade": 1, "nome": "I"}, {"quantidade": 6, "nome": "RB"}, {"quantidade": 8, "nome": "FC"}, {"quantidade": 2, "nome": "CA"}, {"quantidade": 1, "nome": "FD"}], "preco": "6.68", "partida_data": "09/08/2015", "variacao": "0.00", "id": 78556, "media": "1.17", "pontos": "0.00", "apelido": "Lucas", "posicao": {"abreviacao": "MEI", "id": 4, "nome": "Meia"}, "partida_clube_visitante": {"mercado": 1, "slug": "joinville", "abreviacao": "jec", "id": 317, "nome": "joinville"}, "partida_clube_casa": {"mercado": 1, "slug": "vasco", "abreviacao": "vas", "id": 267, "nome": "vasco"}}, {"status": "Contundido", "foto": null, "clube": {"mercado": 1, "slug": "vasco", "abreviacao": "vas", "id": 267, "nome": "vasco"}, "status_id": 5, "jogos": 4, "scout": [{"quantidade": 8, "nome": "FS"}, {"quantidade": 7, "nome": "PE"}, {"quantidade": 1, "nome": "G"}, {"quantidade": 5, "nome": "RB"}, {"quantidade": 5, "nome": "FC"}, {"quantidade": 1, "nome": "CA"}, {"quantidade": 1, "nome": "FD"}], "preco": "6.66", "partida_data": "09/08/2015", "variacao": "0.00", "id": 38768, "media": "3.72", "pontos": "0.00", "apelido": "Andrezinho", "posicao": {"abreviacao": "MEI", "id": 4, "nome": "Meia"}, "partida_clube_visitante": {"mercado": 1, "slug": "joinville", "abreviacao": "jec", "id": 317, "nome": "joinville"}, "partida_clube_casa": {"mercado": 1, "slug": "vasco", "abreviacao": "vas", "id": 267, "nome": "vasco"}}, {"status": "Prov\u00e1vel", "foto": "http://s.glbimg.com/es/sde/f/2015/07/22/b73c0bac41c7173ca4956c068ea59555_FORMATO.jpeg", "clube": {"mercado": 1, "slug": "chapecoense", "abreviacao": "cha", "id": 315, "nome": "chapecoense"}, "status_id": 7, "jogos": 8, "scout": [{"quantidade": 5, "nome": "FS"}, {"quantidade": 3, "nome": "PE"}, {"quantidade": 5, "nome": "G"}, {"quantidade": 4, "nome": "I"}, {"quantidade": 4, "nome": "RB"}, {"quantidade": 5, "nome": "FC"}, {"quantidade": 1, "nome": "CA"}, {"quantidade": 5, "nome": "FF"}, {"quantidade": 1, "nome": "FD"}], "preco": "6.65", "partida_data": "09/08/2015", "variacao": "-2.57", "id": 51683, "media": "5.80", "pontos": "1.40", "apelido": "Bruno Rangel", "posicao": {"abreviacao": "ATA", "id": 5, "nome": "Atacante"}, "partida_clube_visitante": {"mercado": 1, "slug": "figueirense", "abreviacao": "fig", "id": 316, "nome": "figueirense"}, "partida_clube_casa": {"mercado": 1, "slug": "chapecoense", "abreviacao": "cha", "id": 315, "nome": "chapecoense"}}, {"status": "Nulo", "foto": "http://s.glbimg.com/es/sde/f/2015/07/22/1f84da649fbd0a95baa6434003f934c5_FORMATO.jpeg", "clube": {"mercado": 1, "slug": "goias", "abreviacao": "goi", "id": 290, "nome": "goi\u00e1s"}, "status_id": 6, "jogos": 10, "scout": [{"quantidade": 4, "nome": "SG"}, {"quantidade": 8, "nome": "FS"}, {"quantidade": 32, "nome": "PE"}, {"quantidade": 1, "nome": "I"}, {"quantidade": 14, "nome": "RB"}, {"quantidade": 14, "nome": "FC"}, {"quantidade": 4, "nome": "CA"}, {"quantidade": 1, "nome": "FD"}], "preco": "6.61", "partida_data": "09/08/2015", "variacao": "-0.17", "id": 82764, "media": "2.36", "pontos": "1.40", "apelido": "Rafael Forster", "posicao": {"abreviacao": "LAT", "id": 2, "nome": "Lateral"}, "partida_clube_visitante": {"mercado": 1, "slug": "atletico-mg", "abreviacao": "atl", "id": 282, "nome": "atl\u00e9tico-mg"}, "partida_clube_casa": {"mercado": 1, "slug": "goias", "abreviacao": "goi", "id": 290, "nome": "goi\u00e1s"}}, {"status": "Nulo", "foto": "http://s.glbimg.com/es/sde/f/2015/02/17/31e371e1e920362f64f0d145992cec93_FORMATO.png", "clube": {"mercado": 1, "slug": "figueirense", "abreviacao": "fig", "id": 316, "nome": "figueirense"}, "status_id": 6, "jogos": 10, "scout": [{"quantidade": 1, "nome": "SG"}, {"quantidade": 9, "nome": "FS"}, {"quantidade": 25, "nome": "PE"}, {"quantidade": 21, "nome": "RB"}, {"quantidade": 27, "nome": "FC"}, {"quantidade": 5, "nome": "CA"}, {"quantidade": 1, "nome": "FF"}], "preco": "6.61", "partida_data": "09/08/2015", "variacao": "0.00", "id": 69329, "media": "1.49", "pontos": "0.00", "apelido": "Cereceda", "posicao": {"abreviacao": "LAT", "id": 2, "nome": "Lateral"}, "partida_clube_visitante": {"mercado": 1, "slug": "figueirense", "abreviacao": "fig", "id": 316, "nome": "figueirense"}, "partida_clube_casa": {"mercado": 1, "slug": "chapecoense", "abreviacao": "cha", "id": 315, "nome": "chapecoense"}}, {"status": "Prov\u00e1vel", "foto": "http://s.glbimg.com/es/sde/f/2015/01/15/5557bcb64c179eea26d2688734817956_FORMATO.jpeg", "clube": {"mercado": 1, "slug": "gremio", "abreviacao": "gre", "id": 284, "nome": "gr\u00eamio"}, "status_id": 7, "jogos": 15, "scout": [{"quantidade": 6, "nome": "FS"}, {"quantidade": 46, "nome": "PE"}, {"quantidade": 1, "nome": "G"}, {"quantidade": 1, "nome": "I"}, {"quantidade": 25, "nome": "RB"}, {"quantidade": 25, "nome": "FC"}, {"quantidade": 4, "nome": "CA"}, {"quantidade": 4, "nome": "FF"}, {"quantidade": 3, "nome": "FD"}], "preco": "6.57", "partida_data": "09/08/2015", "variacao": "1.98", "id": 38196, "media": "1.63", "pontos": "10.30", "apelido": "Maicon", "posicao": {"abreviacao": "MEI", "id": 4, "nome": "Meia"}, "partida_clube_visitante": {"mercado": 1, "slug": "internacional", "abreviacao": "int", "id": 285, "nome": "internacional"}, "partida_clube_casa": {"mercado": 1, "slug": "gremio", "abreviacao": "gre", "id": 284, "nome": "gr\u00eamio"}}, {"status": "Nulo", "foto": "http://s.glbimg.com/es/sde/f/2013/04/30/4e4412883851b379f2ed6baf3ddb21bd_FORMATO.jpeg", "clube": {"mercado": 1, "slug": "joinville", "abreviacao": "jec", "id": 317, "nome": "joinville"}, "status_id": 6, "jogos": 3, "scout": [{"quantidade": 3, "nome": "FS"}, {"quantidade": 7, "nome": "PE"}, {"quantidade": 1, "nome": "FT"}, {"quantidade": 1, "nome": "G"}, {"quantidade": 2, "nome": "I"}, {"quantidade": 2, "nome": "FC"}, {"quantidade": 1, "nome": "CA"}, {"quantidade": 1, "nome": "FD"}], "preco": "6.53", "partida_data": "09/08/2015", "variacao": "-0.73", "id": 71799, "media": "2.63", "pontos": "-2.50", "apelido": "Silvinho", "posicao": {"abreviacao": "ATA", "id": 5, "nome": "Atacante"}, "partida_clube_visitante": {"mercado": 1, "slug": "joinville", "abreviacao": "jec", "id": 317, "nome": "joinville"}, "partida_clube_casa": {"mercado": 1, "slug": "vasco", "abreviacao": "vas", "id": 267, "nome": "vasco"}}, {"status": "Nulo", "foto": "http://s.glbimg.com/es/sde/f/2015/01/15/0141d097c80c9cdff17b50f7839922d9_FORMATO.jpeg", "clube": {"mercado": 1, "slug": "flamengo", "abreviacao": "fla", "id": 262, "nome": "flamengo"}, "status_id": 6, "jogos": 4, "scout": [{"quantidade": 3, "nome": "FS"}, {"quantidade": 18, "nome": "PE"}, {"quantidade": 5, "nome": "RB"}, {"quantidade": 3, "nome": "FC"}, {"quantidade": 1, "nome": "FF"}, {"quantidade": 1, "nome": "FD"}], "preco": "6.53", "partida_data": "09/08/2015", "variacao": "0.00", "id": 50453, "media": "1.20", "pontos": "0.00", "apelido": "Anderson Pico", "posicao": {"abreviacao": "LAT", "id": 2, "nome": "Lateral"}, "partida_clube_visitante": {"mercado": 1, "slug": "flamengo", "abreviacao": "fla", "id": 262, "nome": "flamengo"}, "partida_clube_casa": {"mercado": 1, "slug": "ponte-preta", "abreviacao": "pon", "id": 303, "nome": "ponte preta"}}, {"status": "Prov\u00e1vel", "foto": "http://s.glbimg.com/es/sde/f/2012/09/18/802b35f65a24ac0fdd173a59e29a9e80_FORMATO.jpeg", "clube": {"mercado": 1, "slug": "joinville", "abreviacao": "jec", "id": 317, "nome": "joinville"}, "status_id": 7, "jogos": 8, "scout": [{"quantidade": 10, "nome": "FS"}, {"quantidade": 12, "nome": "PE"}, {"quantidade": 1, "nome": "A"}, {"quantidade": 2, "nome": "I"}, {"quantidade": 2, "nome": "RB"}, {"quantidade": 7, "nome": "FC"}, {"quantidade": 2, "nome": "CA"}, {"quantidade": 5, "nome": "FF"}], "preco": "6.52", "partida_data": "09/08/2015", "variacao": "0.24", "id": 37781, "media": "0.60", "pontos": "1.80", "apelido": "Marcelo Costa", "posicao": {"abreviacao": "MEI", "id": 4, "nome": "Meia"}, "partida_clube_visitante": {"mercado": 1, "slug": "joinville", "abreviacao": "jec", "id": 317, "nome": "joinville"}, "partida_clube_casa": {"mercado": 1, "slug": "vasco", "abreviacao": "vas", "id": 267, "nome": "vasco"}}, {"status": "Contundido", "foto": "http://s.glbimg.com/es/sde/f/2015/07/22/af25b4e6e00d5e49f725249cc00a1a0d_FORMATO.png", "clube": {"mercado": 1, "slug": "santos", "abreviacao": "san", "id": 277, "nome": "santos"}, "status_id": 5, "jogos": 2, "scout": [{"quantidade": 1, "nome": "FS"}, {"quantidade": 1, "nome": "PE"}, {"quantidade": 3, "nome": "RB"}, {"quantidade": 4, "nome": "FC"}], "preco": "6.50", "partida_data": "08/08/2015", "variacao": "0.00", "id": 50417, "media": "1.65", "pontos": "0.00", "apelido": "Valencia", "posicao": {"abreviacao": "MEI", "id": 4, "nome": "Meia"}, "partida_clube_visitante": {"mercado": 1, "slug": "coritiba", "abreviacao": "cor", "id": 294, "nome": "coritiba"}, "partida_clube_casa": {"mercado": 1, "slug": "santos", "abreviacao": "san", "id": 277, "nome": "santos"}}, {"status": "Nulo", "foto": "http://s.glbimg.com/es/sde/f/2015/07/21/03c20621c58a86487fe00c1bd35aa00c_FORMATO.jpeg", "clube": {"mercado": 1, "slug": "coritiba", "abreviacao": "cor", "id": 294, "nome": "coritiba"}, "status_id": 6, "jogos": 7, "scout": [{"quantidade": 4, "nome": "FS"}, {"quantidade": 8, "nome": "PE"}, {"quantidade": 1, "nome": "G"}, {"quantidade": 4, "nome": "I"}, {"quantidade": 9, "nome": "RB"}, {"quantidade": 3, "nome": "FC"}, {"quantidade": 1, "nome": "CA"}, {"quantidade": 4, "nome": "FF"}, {"quantidade": 3, "nome": "FD"}], "preco": "6.47", "partida_data": "08/08/2015", "variacao": "0.00", "id": 82640, "media": "3.31", "pontos": "0.00", "apelido": "Paulinho", "posicao": {"abreviacao": "ATA", "id": 5, "nome": "Atacante"}, "partida_clube_visitante": {"mercado": 1, "slug": "coritiba", "abreviacao": "cor", "id": 294, "nome": "coritiba"}, "partida_clube_casa": {"mercado": 1, "slug": "santos", "abreviacao": "san", "id": 277, "nome": "santos"}}, {"status": "Prov\u00e1vel", "foto": "http://s.glbimg.com/es/sde/f/2015/05/07/645b4034b5e3f557c7ad218a95fb4d32_FORMATO.jpeg", "clube": {"mercado": 1, "slug": "ponte-preta", "abreviacao": "pon", "id": 303, "nome": "ponte preta"}, "status_id": 7, "jogos": 11, "scout": [{"quantidade": 11, "nome": "FS"}, {"quantidade": 39, "nome": "PE"}, {"quantidade": 1, "nome": "A"}, {"quantidade": 21, "nome": "RB"}, {"quantidade": 22, "nome": "FC"}, {"quantidade": 4, "nome": "CA"}, {"quantidade": 4, "nome": "FF"}, {"quantidade": 2, "nome": "FD"}], "preco": "6.41", "partida_data": "09/08/2015", "variacao": "-1.70", "id": 68951, "media": "1.85", "pontos": "-3.90", "apelido": "Josimar", "posicao": {"abreviacao": "MEI", "id": 4, "nome": "Meia"}, "partida_clube_visitante": {"mercado": 1, "slug": "flamengo", "abreviacao": "fla", "id": 262, "nome": "flamengo"}, "partida_clube_casa": {"mercado": 1, "slug": "ponte-preta", "abreviacao": "pon", "id": 303, "nome": "ponte preta"}}, {"status": "Prov\u00e1vel", "foto": "http://s.glbimg.com/es/sde/f/2011/08/11/a1ff96b0c4000cfb75b5b803d175a708_FORMATO.jpeg", "clube": {"mercado": 1, "slug": "figueirense", "abreviacao": "fig", "id": 316, "nome": "figueirense"}, "status_id": 7, "jogos": 11, "scout": [{"quantidade": 14, "nome": "FS"}, {"quantidade": 15, "nome": "PE"}, {"quantidade": 10, "nome": "I"}, {"quantidade": 4, "nome": "RB"}, {"quantidade": 17, "nome": "FC"}, {"quantidade": 3, "nome": "CA"}, {"quantidade": 7, "nome": "FF"}, {"quantidade": 5, "nome": "FD"}], "preco": "6.41", "partida_data": "09/08/2015", "variacao": "-0.03", "id": 68974, "media": "-0.03", "pontos": "1.10", "apelido": "Marc\u00e3o", "posicao": {"abreviacao": "ATA", "id": 5, "nome": "Atacante"}, "partida_clube_visitante": {"mercado": 1, "slug": "figueirense", "abreviacao": "fig", "id": 316, "nome": "figueirense"}, "partida_clube_casa": {"mercado": 1, "slug": "chapecoense", "abreviacao": "cha", "id": 315, "nome": "chapecoense"}}]}