{"rodada_id": 20, "page": {"atual": "13", "total": "42"}, "atleta": [{"status": "Nulo", "foto": "http://s.glbimg.com/es/sde/f/2015/03/03/3d758263d403d7687b3e4821a6ae0602_FORMATO.jpeg", "clube": {"mercado": 1, "slug": "avai", "abreviacao": "ava", "id": 314, "nome": "ava\u00ed"}, "status_id": 6, "jogos": 14, "scout": [{"quantidade": 20, "nome": "FS"}, {"quantidade": 25, "nome": "PE"}, {"quantidade": 1, "nome": "G"}, {"quantidade": 24, "nome": "RB"}, {"quantidade": 21, "nome": "FC"}, {"quantidade": 4, "nome": "CA"}, {"quantidade": 1, "nome": "FF"}], "preco": "7.60", "partida_data": "22/08/2015", "variacao": "0.00", "id": 91234, "media": "2.40", "pontos": "0.00", "apelido": "Renan", "posicao": {"abreviacao": "MEI", "id": 4, "nome": "Meia"}, "partida_clube_visitante": {"mercado": 1, "slug": "avai", "abreviacao": "ava", "id": 314, "nome": "ava\u00ed"}, "partida_clube_casa": {"mercado": 1, "slug": "santos", "abreviacao": "san", "id": 277, "nome": "santos"}}, {"status": "Nulo", "foto": "http://s.glbimg.com/es/sde/f/2012/09/06/f6bd9945bcd3f2ef3613d7d7a2efa95f_FORMATO.jpeg", "clube": {"mercado": 1, "slug": "santos", "abreviacao": "san", "id": 277, "nome": "santos"}, "status_id": 6, "jogos": 5, "scout": [{"quantidade": 1, "nome": "SG"}, {"quantidade": 8, "nome": "FS"}, {"quantidade": 10, "nome": "PE"}, {"quantidade": 4, "nome": "RB"}, {"quantidade": 5, "nome": "FC"}, {"quantidade": 2, "nome": "CA"}], "preco": "7.58", "partida_data": "22/08/2015", "variacao": "0.00", "id": 68711, "media": "1.26", "pontos": "0.00", "apelido": "Chiquinho", "posicao": {"abreviacao": "LAT", "id": 2, "nome": "Lateral"}, "partida_clube_visitante": {"mercado": 1, "slug": "avai", "abreviacao": "ava", "id": 314, "nome": "ava\u00ed"}, "partida_clube_casa": {"mercado": 1, "slug": "santos", "abreviacao": "san", "id": 277, "nome": "santos"}}, {"status": "Prov\u00e1vel", "foto": "http://s.glbimg.com/es/sde/f/2010/11/17/297e7cd68facb1b615c43c1a0f8071df_FORMATO.jpeg", "clube": {"mercado": 1, "slug": "flamengo", "abreviacao": "fla", "id": 262, "nome": "flamengo"}, "status_id": 7, "jogos": 11, "scout": [{"quantidade": 13, "nome": "FS"}, {"quantidade": 31, "nome": "PE"}, {"quantidade": 2, "nome": "A"}, {"quantidade": 3, "nome": "G"}, {"quantidade": 1, "nome": "I"}, {"quantidade": 7, "nome": "RB"}, {"quantidade": 10, "nome": "FC"}, {"quantidade": 1, "nome": "CA"}, {"quantidade": 3, "nome": "FF"}, {"quantidade": 6, "nome": "FD"}], "preco": "7.55", "partida_data": "23/08/2015", "variacao": "-0.67", "id": 68685, "media": "3.97", "pontos": "6.50", "apelido": "Alan Patrick", "posicao": {"abreviacao": "MEI", "id": 4, "nome": "Meia"}, "partida_clube_visitante": {"mercado": 1, "slug": "sao-paulo", "abreviacao": "sao", "id": 276, "nome": "s\u00e3o paulo"}, "partida_clube_casa": {"mercado": 1, "slug": "flamengo", "abreviacao": "fla", "id": 262, "nome": "flamengo"}}, {"status": "Nulo", "foto": "http://s.glbimg.com/es/sde/f/2015/07/22/cd3b3aa2229eb70ceb07a92ab63847d1_FORMATO.png", "clube": {"mercado": 1, "slug": "sport", "abreviacao": "spo", "id": 292, "nome": "sport"}, "status_id": 6, "jogos": 10, "scout": [{"quantidade": 5, "nome": "FS"}, {"quantidade": 7, "nome": "PE"}, {"quantidade": 1, "nome": "I"}, {"quantidade": 4, "nome": "RB"}, {"quantidade": 5, "nome": "FC"}, {"quantidade": 1, "nome": "CA"}, {"quantidade": 4, "nome": "FF"}, {"quantidade": 3, "nome": "FD"}], "preco": "7.55", "partida_data": "22/08/2015", "variacao": "0.00", "id": 73806, "media": "0.80", "pontos": "0.00", "apelido": "Samuel ", "posicao": {"abreviacao": "ATA", "id": 5, "nome": "Atacante"}, "partida_clube_visitante": {"mercado": 1, "slug": "sport", "abreviacao": "spo", "id": 292, "nome": "sport"}, "partida_clube_casa": {"mercado": 1, "slug": "figueirense", "abreviacao": "fig", "id": 316, "nome": "figueirense"}}, {"status": "Nulo", "foto": "http://s.glbimg.com/es/sde/f/2015/07/22/3eb98a31a7a37b5944e10c1042eab5c9_FORMATO.jpeg", "clube": {"mercado": 1, "slug": "palmeiras", "abreviacao": "pal", "id": 275, "nome": "palmeiras"}, "status_id": 6, "jogos": 11, "scout": [{"quantidade": 11, "nome": "FS"}, {"quantidade": 10, "nome": "PE"}, {"quantidade": 1, "nome": "FT"}, {"quantidade": 6, "nome": "G"}, {"quantidade": 5, "nome": "I"}, {"quantidade": 4, "nome": "RB"}, {"quantidade": 16, "nome": "FC"}, {"quantidade": 2, "nome": "CA"}, {"quantidade": 8, "nome": "FF"}, {"quantidade": 3, "nome": "FD"}], "preco": "7.51", "partida_data": "23/08/2015", "variacao": "0.00", "id": 78968, "media": "4.98", "pontos": "0.00", "apelido": "Leandro Pereira", "posicao": {"abreviacao": "ATA", "id": 5, "nome": "Atacante"}, "partida_clube_visitante": {"mercado": 1, "slug": "palmeiras", "abreviacao": "pal", "id": 275, "nome": "palmeiras"}, "partida_clube_casa": {"mercado": 1, "slug": "atletico-mg", "abreviacao": "atl", "id": 282, "nome": "atl\u00e9tico-mg"}}, {"status": "Prov\u00e1vel", "foto": "http://s.glbimg.com/es/sde/f/2015/01/05/8f31425ed36f79e5f8d2b2252af18299_FORMATO.jpeg", "clube": {"mercado": 1, "slug": "vasco", "abreviacao": "vas", "id": 267, "nome": "vasco"}, "status_id": 7, "jogos": 14, "scout": [{"quantidade": 16, "nome": "FS"}, {"quantidade": 25, "nome": "PE"}, {"quantidade": 3, "nome": "G"}, {"quantidade": 2, "nome": "I"}, {"quantidade": 8, "nome": "RB"}, {"quantidade": 14, "nome": "FC"}, {"quantidade": 1, "nome": "CA"}, {"quantidade": 12, "nome": "FF"}, {"quantidade": 6, "nome": "FD"}], "preco": "7.50", "partida_data": "22/08/2015", "variacao": "-0.56", "id": 83189, "media": "3.03", "pontos": "-0.10", "apelido": "Riascos", "posicao": {"abreviacao": "ATA", "id": 5, "nome": "Atacante"}, "partida_clube_visitante": {"mercado": 1, "slug": "vasco", "abreviacao": "vas", "id": 267, "nome": "vasco"}, "partida_clube_casa": {"mercado": 1, "slug": "goias", "abreviacao": "goi", "id": 290, "nome": "goi\u00e1s"}}, {"status": "Nulo", "foto": "http://s.glbimg.com/es/sde/f/2015/07/22/b0c3edec93089c37a1df53d4c38cf8f3_FORMATO.jpeg", "clube": {"mercado": 1, "slug": "avai", "abreviacao": "ava", "id": 314, "nome": "ava\u00ed"}, "status_id": 6, "jogos": 7, "scout": [{"quantidade": 2, "nome": "FS"}, {"quantidade": 10, "nome": "PE"}, {"quantidade": 2, "nome": "G"}, {"quantidade": 1, "nome": "I"}, {"quantidade": 5, "nome": "RB"}, {"quantidade": 6, "nome": "FC"}, {"quantidade": 1, "nome": "CA"}, {"quantidade": 4, "nome": "FD"}], "preco": "7.46", "partida_data": "22/08/2015", "variacao": "-0.38", "id": 71995, "media": "3.00", "pontos": "-2.00", "apelido": "Hugo", "posicao": {"abreviacao": "ATA", "id": 5, "nome": "Atacante"}, "partida_clube_visitante": {"mercado": 1, "slug": "avai", "abreviacao": "ava", "id": 314, "nome": "ava\u00ed"}, "partida_clube_casa": {"mercado": 1, "slug": "santos", "abreviacao": "san", "id": 277, "nome": "santos"}}, {"status": "Contundido", "foto": "http://s.glbimg.com/es/sde/f/2015/07/22/e1d4732df0957a3726e8a5ec1ec4bd4b_FORMATO.jpeg", "clube": {"mercado": 1, "slug": "coritiba", "abreviacao": "cor", "id": 294, "nome": "coritiba"}, "status_id": 5, "jogos": 12, "scout": [{"quantidade": 3, "nome": "SG"}, {"quantidade": 9, "nome": "FS"}, {"quantidade": 29, "nome": "PE"}, {"quantidade": 1, "nome": "I"}, {"quantidade": 19, "nome": "RB"}, {"quantidade": 8, "nome": "FC"}, {"quantidade": 4, "nome": "CA"}, {"quantidade": 1, "nome": "FF"}, {"quantidade": 3, "nome": "FD"}], "preco": "7.40", "partida_data": "23/08/2015", "variacao": "0.00", "id": 73465, "media": "2.86", "pontos": "0.00", "apelido": "Luccas Claro", "posicao": {"abreviacao": "ZAG", "id": 3, "nome": "Zagueiro"}, "partida_clube_visitante": {"mercado": 1, "slug": "chapecoense", "abreviacao": "cha", "id": 315, "nome": "chapecoense"}, "partida_clube_casa": {"mercado": 1, "slug": "coritiba", "abreviacao": "cor", "id": 294, "nome": "coritiba"}}, {"status": "Prov\u00e1vel", "foto": "http://s.glbimg.com/es/sde/f/2015/05/07/bef3ce9ba60129dd808c883957fdcbaa_FORMATO.jpeg", "clube": {"mercado": 1, "slug": "ponte-preta", "abreviacao": "pon", "id": 303, "nome": "ponte preta"}, "status_id": 7, "jogos": 12, "scout": [{"quantidade": 4, "nome": "SG"}, {"quantidade": 7, "nome": "FS"}, {"quantidade": 24, "nome": "PE"}, {"quantidade": 1, "nome": "G"}, {"quantidade": 1, "nome": "I"}, {"quantidade": 15, "nome": "RB"}, {"quantidade": 12, "nome": "FC"}, {"quantidade": 3, "nome": "CA"}, {"quantidade": 3, "nome": "FF"}, {"quantidade": 2, "nome": "FD"}], "preco": "7.37", "partida_data": "23/08/2015", "variacao": "0.04", "id": 68827, "media": "3.45", "pontos": "2.70", "apelido": "Renato Chaves", "posicao": {"abreviacao": "ZAG", "id": 3, "nome": "Zagueiro"}, "partida_clube_visitante": {"mercado": 1, "slug": "gremio", "abreviacao": "gre", "id": 284, "nome": "gr\u00eamio"}, "partida_clube_casa": {"mercado": 1, "slug": "ponte-preta", "abreviacao": "pon", "id": 303, "nome": "ponte preta"}}, {"status": "Nulo", "foto": "http://s.glbimg.com/es/sde/f/2014/01/15/c1a7fe6f157969d818c83894c1167303_FORMATO.jpeg", "clube": {"mercado": 1, "slug": "santos", "abreviacao": "san", "id": 277, "nome": "santos"}, "status_id": 6, "jogos": 10, "scout": [{"quantidade": 8, "nome": "FS"}, {"quantidade": 15, "nome": "PE"}, {"quantidade": 1, "nome": "A"}, {"quantidade": 2, "nome": "I"}, {"quantidade": 14, "nome": "RB"}, {"quantidade": 5, "nome": "FC"}, {"quantidade": 1, "nome": "CA"}, {"quantidade": 1, "nome": "CV"}, {"quantidade": 3, "nome": "FF"}], "preco": "7.36", "partida_data": "22/08/2015", "variacao": "0.30", "id": 68954, "media": "1.99", "pontos": "0.20", "apelido": "Marquinhos Gabriel", "posicao": {"abreviacao": "MEI", "id": 4, "nome": "Meia"}, "partida_clube_visitante": {"mercado": 1, "slug": "avai", "abreviacao": "ava", "id": 314, "nome": "ava\u00ed"}, "partida_clube_casa": {"mercado": 1, "slug": "santos", "abreviacao": "san", "id": 277, "nome": "santos"}}, {"status": "Nulo", "foto": "http://s.glbimg.com/es/sde/f/2015/07/22/146fd430b0118b17e3ecaf58ac0aa5d5_FORMATO.jpeg", "clube": {"mercado": 1, "slug": "sport", "abreviacao": "spo", "id": 292, "nome": "sport"}, "status_id": 6, "jogos": 14, "scout": [{"quantidade": 6, "nome": "FS"}, {"quantidade": 25, "nome": "PE"}, {"quantidade": 2, "nome": "A"}, {"quantidade": 1, "nome": "G"}, {"quantidade": 1, "nome": "I"}, {"quantidade": 3, "nome": "RB"}, {"quantidade": 9, "nome": "FC"}, {"quantidade": 3, "nome": "CA"}, {"quantidade": 1, "nome": "FD"}], "preco": "7.33", "partida_data": "22/08/2015", "variacao": "0.35", "id": 82647, "media": "0.62", "pontos": "1.60", "apelido": "R\u00e9gis", "posicao": {"abreviacao": "MEI", "id": 4, "nome": "Meia"}, "partida_clube_visitante": {"mercado": 1, "slug": "sport", "abreviacao": "spo", "id": 292, "nome": "sport"}, "partida_clube_casa": {"mercado": 1, "slug": "figueirense", "abreviacao": "fig", "id": 316, "nome": "figueirense"}}, {"status": "Nulo", "foto": "http://s.glbimg.com/es/sde/f/2015/01/15/ae1b878160167f729cd6354c42a78827_FORMATO.jpeg", "clube": {"mercado": 1, "slug": "corinthians", "abreviacao": "cor", "id": 264, "nome": "corinthians"}, "status_id": 6, "jogos": 10, "scout": [{"quantidade": 19, "nome": "FS"}, {"quantidade": 25, "nome": "PE"}, {"quantidade": 1, "nome": "G"}, {"quantidade": 13, "nome": "RB"}, {"quantidade": 9, "nome": "FC"}, {"quantidade": 4, "nome": "FF"}, {"quantidade": 2, "nome": "FD"}], "preco": "7.32", "partida_data": "23/08/2015", "variacao": "0.00", "id": 90031, "media": "3.25", "pontos": "0.00", "apelido": "Mendoza", "posicao": {"abreviacao": "ATA", "id": 5, "nome": "Atacante"}, "partida_clube_visitante": {"mercado": 1, "slug": "cruzeiro", "abreviacao": "cru", "id": 283, "nome": "cruzeiro"}, "partida_clube_casa": {"mercado": 1, "slug": "corinthians", "abreviacao": "cor", "id": 264, "nome": "corinthians"}}, {"status": "Contundido", "foto": "http://s.glbimg.com/es/sde/f/2015/07/22/396229f01ec7c0033700d24d45460466_FORMATO.jpeg", "clube": {"mercado": 1, "slug": "coritiba", "abreviacao": "cor", "id": 294, "nome": "coritiba"}, "status_id": 5, "jogos": 1, "scout": [{"quantidade": 3, "nome": "PE"}, {"quantidade": 1, "nome": "FC"}, {"quantidade": 1, "nome": "FD"}], "preco": "7.29", "partida_data": "23/08/2015", "variacao": "0.00", "id": 50880, "media": "-0.40", "pontos": "0.00", "apelido": "Keirrison", "posicao": {"abreviacao": "ATA", "id": 5, "nome": "Atacante"}, "partida_clube_visitante": {"mercado": 1, "slug": "chapecoense", "abreviacao": "cha", "id": 315, "nome": "chapecoense"}, "partida_clube_casa": {"mercado": 1, "slug": "coritiba", "abreviacao": "cor", "id": 294, "nome": "coritiba"}}, {"status": "Nulo", "foto": "http://s.glbimg.com/es/sde/f/2015/07/22/d9c19fb2d3b1395f0be10e733f882701_FORMATO.png", "clube": {"mercado": 1, "slug": "atletico-pr", "abreviacao": "atl", "id": 293, "nome": "atl\u00e9tico-pr"}, "status_id": 6, "jogos": 6, "scout": [{"quantidade": 3, "nome": "FS"}, {"quantidade": 9, "nome": "PE"}, {"quantidade": 1, "nome": "A"}, {"quantidade": 1, "nome": "I"}, {"quantidade": 2, "nome": "RB"}, {"quantidade": 2, "nome": "FC"}, {"quantidade": 2, "nome": "FF"}, {"quantidade": 1, "nome": "FD"}], "preco": "7.25", "partida_data": "23/08/2015", "variacao": "0.00", "id": 38525, "media": "1.35", "pontos": "0.00", "apelido": "Cl\u00e9o", "posicao": {"abreviacao": "ATA", "id": 5, "nome": "Atacante"}, "partida_clube_visitante": {"mercado": 1, "slug": "atletico-pr", "abreviacao": "atl", "id": 293, "nome": "atl\u00e9tico-pr"}, "partida_clube_casa": {"mercado": 1, "slug": "internacional", "abreviacao": "int", "id": 285, "nome": "internacional"}}, {"status": "Nulo", "foto": "http://s.glbimg.com/es/sde/f/2014/02/21/259ce026204b3897f5cc8d275d80a834_FORMATO.jpeg", "clube": {"mercado": 1, "slug": "joinville", "abreviacao": "jec", "id": 317, "nome": "joinville"}, "status_id": 6, "jogos": 8, "scout": [{"quantidade": 2, "nome": "SG"}, {"quantidade": 9, "nome": "FS"}, {"quantidade": 13, "nome": "PE"}, {"quantidade": 16, "nome": "RB"}, {"quantidade": 10, "nome": "FC"}, {"quantidade": 1, "nome": "CA"}, {"quantidade": 1, "nome": "FD"}], "preco": "7.23", "partida_data": "23/08/2015", "variacao": "0.00", "id": 82306, "media": "3.97", "pontos": "0.00", "apelido": "Douglas Silva", "posicao": {"abreviacao": "ZAG", "id": 3, "nome": "Zagueiro"}, "partida_clube_visitante": {"mercado": 1, "slug": "fluminense", "abreviacao": "flu", "id": 266, "nome": "fluminense"}, "partida_clube_casa": {"mercado": 1, "slug": "joinville", "abreviacao": "jec", "id": 317, "nome": "joinville"}}, {"status": "Nulo", "foto": "http://s.glbimg.com/es/sde/f/2015/07/22/cee60da676394b762ec68527b7824a55_FORMATO.png", "clube": {"mercado": 1, "slug": "sport", "abreviacao": "spo", "id": 292, "nome": "sport"}, "status_id": 6, "jogos": 7, "scout": [{"quantidade": 1, "nome": "FS"}, {"quantidade": 3, "nome": "PE"}, {"quantidade": 1, "nome": "A"}, {"quantidade": 2, "nome": "RB"}, {"quantidade": 1, "nome": "FC"}], "preco": "7.20", "partida_data": "22/08/2015", "variacao": "0.00", "id": 84382, "media": "1.07", "pontos": "0.00", "apelido": "Danilo", "posicao": {"abreviacao": "MEI", "id": 4, "nome": "Meia"}, "partida_clube_visitante": {"mercado": 1, "slug": "sport", "abreviacao": "spo", "id": 292, "nome": "sport"}, "partida_clube_casa": {"mercado": 1, "slug": "figueirense", "abreviacao": "fig", "id": 316, "nome": "figueirense"}}, {"status": "Prov\u00e1vel", "foto": "http://s.glbimg.com/es/sde/f/2010/11/12/838d17bd4f79621009710f2aade60801_FORMATO.jpeg", "clube": {"mercado": 1, "slug": "atletico-mg", "abreviacao": "atl", "id": 282, "nome": "atl\u00e9tico-mg"}, "status_id": 7, "jogos": 16, "scout": [{"quantidade": 23, "nome": "FS"}, {"quantidade": 37, "nome": "PE"}, {"quantidade": 1, "nome": "A"}, {"quantidade": 25, "nome": "RB"}, {"quantidade": 7, "nome": "FC"}, {"quantidade": 2, "nome": "CA"}, {"quantidade": 6, "nome": "FF"}, {"quantidade": 2, "nome": "FD"}], "preco": "7.19", "partida_data": "23/08/2015", "variacao": "-0.05", "id": 60784, "media": "2.91", "pontos": "2.50", "apelido": "Rafael Carioca", "posicao": {"abreviacao": "MEI", "id": 4, "nome": "Meia"}, "partida_clube_visitante": {"mercado": 1, "slug": "palmeiras", "abreviacao": "pal", "id": 275, "nome": "palmeiras"}, "partida_clube_casa": {"mercado": 1, "slug": "atletico-mg", "abreviacao": "atl", "id": 282, "nome": "atl\u00e9tico-mg"}}, {"status": "Prov\u00e1vel", "foto": "http://s.glbimg.com/es/sde/f/2015/02/12/849b358664031eee16dbf696a98a1e34_FORMATO.jpeg", "clube": {"mercado": 1, "slug": "cruzeiro", "abreviacao": "cru", "id": 283, "nome": "cruzeiro"}, "status_id": 7, "jogos": 10, "scout": [{"quantidade": 3, "nome": "SG"}, {"quantidade": 3, "nome": "FS"}, {"quantidade": 24, "nome": "PE"}, {"quantidade": 7, "nome": "RB"}, {"quantidade": 9, "nome": "FC"}, {"quantidade": 4, "nome": "CA"}, {"quantidade": 1, "nome": "FF"}, {"quantidade": 2, "nome": "FD"}], "preco": "7.14", "partida_data": "23/08/2015", "variacao": "1.03", "id": 37604, "media": "1.14", "pontos": "4.60", "apelido": "Paulo Andr\u00e9", "posicao": {"abreviacao": "ZAG", "id": 3, "nome": "Zagueiro"}, "partida_clube_visitante": {"mercado": 1, "slug": "cruzeiro", "abreviacao": "cru", "id": 283, "nome": "cruzeiro"}, "partida_clube_casa": {"mercado": 1, "slug": "corinthians", "abreviacao": "cor", "id": 264, "nome": "corinthians"}}, {"status": "Nulo", "foto": "http://s.glbimg.com/es/sde/f/2015/07/21/0f0a2af323eeb74e8f90dc73e690a830_FORMATO.png", "clube": {"mercado": 1, "slug": "fluminense", "abreviacao": "flu", "id": 266, "nome": "fluminense"}, "status_id": 6, "jogos": 14, "scout": [{"quantidade": 5, "nome": "SG"}, {"quantidade": 9, "nome": "FS"}, {"quantidade": 26, "nome": "PE"}, {"quantidade": 2, "nome": "I"}, {"quantidade": 7, "nome": "RB"}, {"quantidade": 5, "nome": "FC"}, {"quantidade": 2, "nome": "CA"}, {"quantidade": 1, "nome": "CV"}, {"quantidade": 1, "nome": "FF"}, {"quantidade": 2, "nome": "FD"}], "preco": "7.14", "partida_data": "23/08/2015", "variacao": "0.00", "id": 38194, "media": "1.70", "pontos": "0.00", "apelido": "Ant\u00f4nio Carlos", "posicao": {"abreviacao": "ZAG", "id": 3, "nome": "Zagueiro"}, "partida_clube_visitante": {"mercado": 1, "slug": "fluminense", "abreviacao": "flu", "id": 266, "nome": "fluminense"}, "partida_clube_casa": {"mercado": 1, "slug": "joinville", "abreviacao": "jec", "id": 317, "nome": "joinville"}}, {"status": "Prov\u00e1vel", "foto": "http://s.glbimg.com/es/sde/f/2015/07/22/68f5b4efa85079ddc10e53005d7b29c8_FORMATO.jpeg", "clube": {"mercado": 1, "slug": "goias", "abreviacao": "goi", "id": 290, "nome": "goi\u00e1s"}, "status_id": 7, "jogos": 14, "scout": [{"quantidade": 5, "nome": "SG"}, {"quantidade": 18, "nome": "FS"}, {"quantidade": 33, "nome": "PE"}, {"quantidade": 1, "nome": "I"}, {"quantidade": 20, "nome": "RB"}, {"quantidade": 12, "nome": "FC"}, {"quantidade": 2, "nome": "CA"}, {"quantidade": 1, "nome": "CV"}, {"quantidade": 6, "nome": "FF"}, {"quantidade": 1, "nome": "FD"}], "preco": "7.14", "partida_data": "22/08/2015", "variacao": "0.20", "id": 70916, "media": "3.42", "pontos": "6.40", "apelido": "Diogo Barbosa", "posicao": {"abreviacao": "LAT", "id": 2, "nome": "Lateral"}, "partida_clube_visitante": {"mercado": 1, "slug": "vasco", "abreviacao": "vas", "id": 267, "nome": "vasco"}, "partida_clube_casa": {"mercado": 1, "slug": "goias", "abreviacao": "goi", "id": 290, "nome": "goi\u00e1s"}}]}